x,y
-4.163134156139108e-28,0.0
-4.163134156139108e-28,0.0
-2.046612269275678e-06,-9.237080087797569e-11
-2.091422157357533e-06,-9.237080346893098e-11
-2.1347013811483044e-06,-9.23708059713816e-11
-2.1766729032300473e-06,-9.237080839821955e-11
-2.217524673623862e-06,-9.237081076031232e-11
-2.2247260023013766e-06,-9.237081117670068e-11
-2.215641482753971e-06,-9.237081065142408e-11
-2.207317434674369e-06,-9.237081017011873e-11
-2.199655021368603e-06,-9.237080972706989e-11
-2.1925679690559513e-06,-9.2370809317289e-11
-2.8040259778171342e-06,-9.237084467243979e-11
-2.952093167351879e-06,-9.23708532338418e-11
-2.9800036317565347e-06,-9.237085484765442e-11
-3.006373981974247e-06,-9.237085637241613e-11
-3.0341213408894695e-06,-9.237085797679783e-11
-3.0603449687323792e-06,-9.23708594930758e-11
-3.087946064220436e-06,-9.23708610890004e-11
-3.1140241906901163e-06,-9.237086259686533e-11
-3.141480319171813e-06,-9.237086418440781e-11
-3.1674143250472718e-06,-9.237086568393954e-11
-3.194726942904221e-06,-9.23708672631841e-11
-3.2205183678518595e-06,-9.237086875447165e-11
-3.2476890885230827e-06,-9.237087032551154e-11
-3.2733396253982636e-06,-9.23708718086528e-11
-3.3003702109857993e-06,-9.237087337158998e-11
-3.325881694411215e-06,-9.237087484669099e-11
-3.3527740414326827e-06,-9.237087640163501e-11
-3.3781484304513856e-06,-9.237087786880903e-11
-3.40490454974801e-06,-9.23708794158763e-11
-3.4301439048598973e-06,-9.237088087524265e-11
-3.4567658962361757e-06,-9.23708824145544e-11
-3.4818723516861626e-06,-9.23708838662363e-11
-0.00019101545926083685,7.180005736332655e-10
0.002083580913333373,7.208881431343706e-09
0.013565714154226846,8.933433766604598e-09
0.018036118268690962,9.604863516931995e-09
0.01836003011324478,9.65351326835227e-09
0.02590415059932002,1.0786598064426124e-08
0.04345133656320707,-6.895965665974055e-06
0.07099237813730748,-4.035196924216758e-05
0.10834418645947828,-0.00022205722625799837
0.15570095212705165,-0.000287284689543755
0.20769700566091334,0.00023643004038272948
0.25969419631091195,0.000755798113963675
0.31169113353108197,0.0012742359871471347
0.36368674460597145,0.0017926606379375931
0.4156840836355114,0.0023143882889865445
0.46768095198336324,0.0028416221997235253
0.5196751039045859,0.0033863104361422395
0.5716712345614925,0.0038863542002395895
0.6236576333142079,0.004391428797091672
0.6756504975058024,0.004878949230140484
0.7276475105399013,0.00533061949026919
0.7796414769907979,0.005788990095726928
0.8316386237478665,0.006252868495581165
0.8836503920475419,0.006725025819948223
0.9356954416841196,0.007364121077499363
0.987774005141559,0.00834347008034297
1.0398797007863427,0.009880931949238564
1.0800995049780338,0.032390908299107304
1.1322688118426183,0.03542660305808547
1.1843516699147223,0.04031922500292452
1.2361921075358588,0.047687404171031664
1.287546695326543,0.057882133385637385
1.3383198320516883,0.07042412104249826
1.388583420398287,0.08465574392478371
1.4384339769844097,0.10008380485447763
1.4879670456302725,0.11636020345414277
1.5372654010562765,0.13327686636885988
1.5863478768687345,0.1508042274772727
1.635207362610104,0.1689405756880677
1.6838410948509648,0.18768678272693773
1.7322353434152222,0.20703486859541448
1.7803822637052864,0.22698474205868543
1.8282794791565908,0.24753355042085806
1.8759175684182092,0.2686777889703033
1.923286690721811,0.2904132752712589
1.9703806166726696,0.31273772476354283
2.0178489105461668,0.3326032060426666
2.0692689295957987,0.33271634251830284
2.115996489356664,0.3557992857033729
2.162433683251614,0.37946262733735336
2.208576540710693,0.4037144282303299
2.2543689318224365,0.4287380953207002
2.2996004995903174,0.45486168136339966
2.3440951288980894,0.482270645784365
2.3876793554006714,0.5111527710488807
2.4301993854894435,0.5415924106196663
2.4715475639104936,0.5736368961655962
2.511380142483888,0.6076205099270081
2.549249528180849,0.6437974459283488
2.584988174836215,0.6820667832933304
2.6184833709050266,0.7223167294076689
2.6496314410382062,0.7644092179630205
2.6824600018529887,0.7487373628147379
2.7108079130349227,0.7927641068806579
2.736606658712504,0.8383331606510691
2.7597635309664863,0.8853068639150866
2.7801954801841466,0.9335093581967281
2.7978511567765407,0.9828098063821833
2.8126630254124514,1.0330271292519215
2.8245820691432826,1.0840079157893654
2.8335726904831384,1.1355877386942916
2.857483787540949,1.1747602721235861
2.863529415112647,1.2267770454694809
2.866587308286224,1.2790496222584058
2.8666992968130938,1.331404431079154
2.8643991491301994,1.3836571260233645
2.86032931219322,1.4357416530815834
2.855000910374681,1.487650260131309
2.8488110602496723,1.539411270176416
2.84204823743762,1.591055738382807
2.834985441299433,1.642611335028619
2.8278644393767163,1.6941219358984005
2.8207434683892894,1.7456323129941291
2.8136214282378917,1.7971437672584776
2.8064945733589894,1.8486543455610567
2.799370798910572,1.9001604909363976
2.7923660331566005,1.9516328627851665
2.785767410993614,2.0030903250167915
2.779857997138474,2.0545769564061738
2.7747722592053625,2.106135970854284
2.775776778546042,2.15720969828595
2.8107250662699257,2.2034098277205767
2.810830796966065,2.2550897752985297
2.812326479570417,2.306725358107469
2.815230514935279,2.3583031229424014
2.8195445849150094,2.409781891794827
2.8252649633813394,2.46112370192978
2.8323774612077726,2.5122908516278075
2.840891860070376,2.5632396893318736
2.850814120462631,2.613934836072787
2.862050210784223,2.6644317406847633
2.874312693757877,2.714733886419287
2.887451461786905,2.7648750988436666
2.9011665576680574,2.8149346589497855
2.915189916459614,2.8649702175344043
2.9292844248674994,2.915025400619713
2.9433785326226842,2.965078690337465
2.957472749731707,3.0151322613873086
2.9715161614715457,3.0652289991288666
2.9853734705773665,3.1153994391899564
2.9970615957779696,3.166901197750841
2.9939477089654103,3.2259424087425783
3.005753755137875,3.276634680732306
3.017282649235353,3.327414711217142
3.02836061992373,3.378333806362767
3.038699692558385,3.429464542546773
3.0479796852683507,3.4808360116762294
3.056004079538358,3.5324336141145283
3.062701625655627,3.58422355152375
3.0680627771980085,3.636164685638884
3.072083440754016,3.6882302738188066
3.074761911785521,3.7403848030906914
3.0760953298097196,3.792593417736879
3.0760124808863973,3.8448490702693103
3.0740863944803745,3.8971320969343126
3.0698850677223857,3.9492954095274224
3.0633564324096456,4.001222312676946
3.054509659743668,4.052811588167107
3.0433644806494704,4.10394341206088
3.0709927671401296,4.1631001518213715
3.05892469176416,4.214024766337051
3.044450940719332,4.264339013250971
3.027216162806636,4.313794169665643
3.007103368740136,4.362156363355167
2.9841602626716406,4.4092350775823785
2.9584820349072105,4.454882823771561
2.9301627360707934,4.498922118955854
2.8992909601867973,4.541218458037321
2.8722849872591105,4.584665504619581
2.876015838870451,4.639768845542116
2.842896472629609,4.673606777431185
2.8071169473764663,4.704617386559312
2.768916505429466,4.732595476045452
2.7285534790380166,4.757350288080405
2.6862933238496924,4.778720466491136
2.642785158897116,4.773382340039217
2.5977989065884723,4.788163985490214
2.5517556022930066,4.799211643459109
2.5049696644989785,4.8064512424976815
2.4577395167880027,4.809834955952406
2.409831828924997,4.809320515406271
2.3137728755663343,4.759768018881855
2.26210274396532,4.751332646715116
2.210915592393491,4.740597174177853
2.1601675109191762,4.728214334695711
2.1097785891131484,4.714654236035075
2.0596701785318783,4.700284209851728
2.009764537555874,4.68541000476378
1.9599849897962054,4.670294681887411
1.9102465641288187,4.655148936404521
1.860502727887987,4.640001543359067
1.8107626939863617,4.624855297252449
1.7610199946451215,4.609708252186217
1.7112777223725475,4.594561491145262
1.6615356416093174,4.57941447204312
1.6117915556647344,4.564266842340864
1.5620382840286635,4.549088458036862
1.512298032029193,4.53366964167564
1.4626648950455916,4.517719280755036
1.4132589779561133,4.500931581561789
1.373155231623,4.49222144586147
1.3858309749297821,4.537081075835462
1.3364329362379523,4.520223756942392
1.2874209019962106,4.502117852741676
1.2390140868522588,4.482280861294799
1.1915179315337823,4.460305389501724
1.14509047468986,4.436153763415703
1.0998286132006845,4.409876926388256
1.055925873730574,4.381330949982447
1.0160123812573159,4.351471689910817
0.9841489275711003,4.32336295283656
0.9569281107899433,4.294656863715973
0.9338620764158799,4.285764906904361
0.9113729096036943,4.2558071665358685
0.896471596206038,4.231832140123
0.8857629256965568,4.210003868487432
0.8749921943190041,4.1805284505632745
0.8625329786384521,4.141038539818102
0.8397241491261438,4.094635241968859
0.8331100284490214,4.0427135128595335
0.8288220766644625,3.9906026758178212
0.8261803947199253,3.93845183265225
0.8246613025891527,3.886316035425706
0.8238547330229546,3.8342303613046025
0.8234423828993698,3.7821952554957803
0.8231622999211052,3.7301982554182613
0.8228852530577084,3.678201408062765
0.8226083453731019,3.6262089285108905
0.822332121995585,3.574218100286245
0.8220540835576577,3.522222428209433
0.8217761477798939,3.4702304142815525
0.8214995067167399,3.418238067535022
0.8212021864518924,3.3662590682455815
0.8206977912446893,3.3143352584391637
0.819796291589787,3.2624454348215983
0.8183285578300339,3.210621617583276
0.8160226436285276,3.158900468892873
0.7643744342477143,3.0588569180738214
0.7594734062623179,3.0073683470498085
0.7533136557017173,2.9560545396667317
0.7458307943448088,2.904918245115888
0.7370349344832927,2.8539897763789517
0.7269256683552829,2.8033072178286336
0.7155088754881165,2.7529067090807717
0.7027923347746188,2.702813389808451
0.6887945758788099,2.653041728565584
0.6737165776773157,2.603492583123112
0.6579178627654614,2.5540799133261674
0.6416864960811035,2.5047454452930635
0.6252756315451091,2.4554153570458084
0.6088509424805895,2.4060743139602865
0.5924273695057827,2.356738062535026
0.5760042813343316,2.307400470820849
0.559587597522043,2.258045191480218
0.5433308532406174,2.208584412326325
0.5275428040479648,2.1589002748459767
0.5126218370600455,2.1088743238415404
0.5327977164378224,2.11943958845001
0.5231645245270558,2.0679991106435986
0.5163412242908048,2.0168782007178407
0.5128931406558621,1.9667605964675265
0.5131459658582129,1.9179205366228176
0.5170885462708608,1.87110649061039
0.5245714140865485,1.8265937113424244
0.5357270443425539,1.7828834623089271
0.5297687639953255,1.745230122933428
0.546168888899988,1.7032067885467543
0.5660110948298303,1.6626833222329251
0.5891473052773653,1.623965701370265
0.6134045346516752,1.5900333562020725
0.6374968344677385,1.5619274453288972
0.6638223240188849,1.5373728697197357
0.6980994097365085,1.5148933233220045
0.7242801252968885,1.4970539643999294
0.7501566772512858,1.482809024663022
0.7772777103897996,1.4710948396471029
0.8030355759298139,1.463741007742528
0.8145651987388272,1.4699107932623205
0.8438792739684642,1.4662809035158908
0.8734007577075358,1.465464815039898
0.9028651068365099,1.4674693116272035
0.932002406059663,1.472280309139175
0.9714238142970133,1.4671822516097444
0.9990824889745951,1.4775736625064706
1.0256221924272286,1.4905595221598613
1.0508037432278865,1.5060207934727348
1.0743873217530417,1.5238100628775397
1.0829996085436369,1.5351945275531538
1.103658076027357,1.5577208267124505
1.1257484528708201,1.5870853249156547
1.1459099923243734,1.619903856393232
1.163297018061396,1.6553898007007724
1.1798220277193876,1.6987053734679265
1.1982281656943365,1.7534907292396404
1.2110318491419252,1.8041974227820692
1.2205285854475119,1.8557052886256322
1.2268925210846875,1.907691199600324
1.2301785880613998,1.9599553304612662
1.2303756223179285,2.01232268262559
1.2274894088729507,2.0645997481521388
1.2214934923206033,2.1158986630029126
1.2127584677435164,2.161939188053678
1.204982684856891,2.2135916451249855
1.195966652350759,2.264980555723992
1.18609453347538,2.3161618221386684
1.1756542146346143,2.367187155551351
1.1649163766893476,2.4180998837981535
1.1541189492708477,2.468966649784306
1.143400268620463,2.5198085646702113
1.1330284555053396,2.5706521103079174
1.123306240560015,2.6215553831885225
1.114494748496989,2.672552167988239
1.1069487293917457,2.723641767983613
1.100905281035082,2.7749131414761576
1.0963856082750114,2.8263425491729848
1.093419242945329,2.8778750257552677
1.0920171068536875,2.929468821543715
1.092186543707811,2.981079841200839
1.0939271058289295,3.032662830097893
1.1007840726561293,3.084906660603578
1.1308693637478147,3.1304837728752006
1.1401607003084173,3.1918157676324608
1.148604547843612,3.2398856126642723
1.1578416259617743,3.2887477388548936
1.1676571774558262,3.3398041263188203
1.1775823052876708,3.390783094790354
1.1879242718592034,3.4416057080556053
1.1989539955923112,3.4922165540412817
1.2109391649723946,3.5425534369048934
1.2239832824212735,3.5926240984272995
1.2380878955838281,3.642404433859627
1.2532904736388364,3.6918198640142745
1.269864782762414,3.7406994436265166
1.2879539521348362,3.7890246279381214
1.3075496080327431,3.8367632388038317
1.328644695974233,3.883835298707958
1.3513589848257146,3.9300531054093075
1.3759165590162006,3.975222267879439
1.4024153842669667,4.019225975342228
1.4269490959873765,4.061895557123597
1.4192122090838533,4.09945974187085
1.448967786472672,4.141232955897387
1.4807867585256336,4.181452324392661
1.5145801262229068,4.220019591711027
1.5502764825925754,4.256834001079115
1.5877863737199598,4.291806300337041
1.627021276231329,4.324877003555076
1.6678035540770537,4.356334368194398
1.709694211790239,4.38657736102369
1.7523429480556847,4.41593367868225
1.7979829425599576,4.4476413701991815
1.861657604621597,4.503514449522303
1.9055616421387351,4.5304560918730274
1.9504141450188182,4.5555562750219645
1.9963117366117742,4.5784544597318755
2.043289534276482,4.599012646073888
2.091248677252538,4.617176522959448
2.140059205178114,4.6329010918949365
2.1895924016217525,4.646150045632638
2.239741664529148,4.656885055277593
2.2904004454944356,4.665105909247465
2.3415541133423052,4.671202881224557
2.368158173688398,4.7056467581203645
2.4195286672150305,4.711170239516569
2.4709974598806257,4.715286416206259
2.5225111516753853,4.717836139797262
2.5740656849772363,4.71868101970833
2.6256199015787516,4.7178120909117
2.6771043337477893,4.715214183105412
2.728468372923362,4.710855976159243
2.7796494174014033,4.7047333149144634
2.830592908620348,4.696856463168489
2.881284139643674,4.687256555184176
2.931822226923276,4.67624716632691
2.982191418021096,4.664227773645386
3.0324210253741315,4.651376231418694
3.082585331622096,4.637994033029574
3.132738469134096,4.624358495955436
3.182910973554547,4.610697118972732
3.233092043619978,4.597063493773362
3.283262558969533,4.583412073998206
3.333314050347595,4.575803289401828
3.3792056898957723,4.605200122927576
3.429972386600027,4.593956864411101
3.480739168148655,4.582714295103445
3.5315009463663136,4.571472461811604
3.5822695251623715,4.560227474108425
3.633035890441769,4.5489815565447
3.6838001186861797,4.537734986634874
3.734570869060277,4.52648448992966
3.785340381474402,4.515233828475746
3.8361063845652863,4.503983447140143
3.8868748058973317,4.49273186336481
3.937642922666474,4.481476523370674
3.9884144318273185,4.470221297958021
4.039181519508639,4.458965192221315
4.089950594794588,4.447709012993743
4.1407189275040865,4.4364516683262
4.191490576957777,4.425195324462258
4.24226234113122,4.413936566502988
4.2950586626080565,4.4028852774965594
4.360034568952301,4.39356161094739
4.4110125799426685,4.3833112382888615
4.461992090619704,4.373060564081747
4.512971411803515,4.3628099279768655
4.563990300607897,4.352599365174544
4.615125373734728,4.342671370771209
4.666426348294317,4.3333413388596
4.717885129406883,4.324854595677596
4.7694860435704305,4.317252548623326
4.8211825448397265,4.310506898854033
4.872902915322737,4.304356103995163
4.924603482031216,4.298510494396529
4.976281633962561,4.292720706298623
5.027960076108122,4.286939230959842
5.079636388055602,4.281157993934897
5.131315251744509,4.275376471436367
5.182992526941257,4.269595188151836
5.234672262329377,4.263813525440904
5.286350231293232,4.258032060348425
5.3259189317151865,4.221092720638769
5.377642745764769,4.216058300739192
5.429267662399036,4.210722617954405
5.480769630224781,4.204796299413998
5.532132395120211,4.198090068052425
5.583327298992945,4.190425630436843
5.634357979168241,4.181756139154696
5.68521140556931,4.1720752480675145
5.735860329872061,4.161394090108644
5.786287287796554,4.149712360569062
5.836474092252628,4.137034580618331
5.886396295814489,4.123370754993904
5.9360422339534775,4.108722519224692
5.985387721701619,4.093093729137594
6.034413830347383,4.076489983643162
6.083102901281464,4.058925400445105
6.131426552738569,4.040398093995984
6.179301580853673,4.020846272049383
6.226671362436052,4.000147970231798
6.272638024441258,3.9798217159609846
6.3116667794406345,3.968396853366479
6.357352109894934,3.944655405391017
6.4020433429665955,3.9191428788386666
6.4456902239876,3.8918683726302152
6.488210220497939,3.8628697497910496
6.529499708402977,3.832174127586778
6.569445949426118,3.7998117377884872
6.607802986022873,3.7657204617005817
6.644289011158574,3.7297856458848466
6.678200083488781,3.692159943208101
6.707563313292664,3.654626800307784
6.751572681155306,3.6496969839928326
6.773624303896312,3.6131732379413504
6.791363786577249,3.577368090657295
6.80514133138425,3.542414264549961
6.815620358667927,3.5072669874425744
6.8230570932409425,3.4713555311807958
6.826815295051382,3.429493700536352
6.8192988542978865,3.357225460401066
6.816475777737518,3.3063770335862332
6.810933825113466,3.2553172934744645
6.803351295940239,3.2043212832992363
6.794205033664512,3.1534555795723596
6.783940580533898,3.1026961544694873
6.772943421675436,3.0520034820199364
6.761506651425665,3.00133911145521
6.749896028815516,2.9506605323888544
6.738273712743707,2.8999806206323657
6.726654217628291,2.84929478681344
6.715123257508775,2.798548756607714
6.703885991146648,2.747703244996431
6.693031367396753,2.6967612248133834
6.68263081166622,2.6457109669400185
6.672774695182072,2.594541994758015
6.663465878024357,2.54329211644936
6.654492936697781,2.4920347934135942
6.645593932773501,2.4408013041591405
6.63743182173239,2.389574997990618
6.633282313426776,2.3384155615025017
6.6239477563408675,2.287260434283789
6.614615217426652,2.236108321440774
6.605280537407438,2.1849541601663827
6.595944376390421,2.1337940429944227
6.586608956130366,2.082634323468064
6.577271367092487,2.0314791622612773
6.567934448497562,1.980319567682321
6.558594227736701,1.9291668699857216
6.549255606028255,1.8780085523932233
6.539917684589329,1.826854070978252
6.5305790361601685,1.7756956070057963
6.5212412105166475,1.7245416503718716
6.511901962520184,1.6733871237010698
6.502563088748916,1.6222327303872903
6.493219509426924,1.5710816784080075
6.483887098456862,1.5199251530711861
6.474551570342822,1.468771492154925
6.462751508875347,1.417676929430476
6.43515498488916,1.3669739400701677
6.425659949397684,1.315846628208651
6.416165058887636,1.2647200970193584
6.406669382833824,1.2135921243327652
6.39717516689373,1.1624658171736622
6.387681624124571,1.1113431350368101
6.378187830790125,1.0602201758385241
6.3686939821675095,1.0090948847187253
6.359200877399642,0.9579746735876622
6.349708318313067,0.906856121602778
6.3402151588699835,0.8557343366271639
6.330722069367987,0.8046129282925869
6.321228309177777,0.7534879082227532
6.311734543283305,0.7023630736498114
6.302240814075807,0.6512379601432952
6.292747251814021,0.6001178598194212
6.283173542716289,0.5490559036366176
6.273243951850841,0.4981346605264342
6.265168167258213,0.4476607190867713
6.271338886479507,0.3986972715711479
6.259766142676083,0.3483852807019507
6.246635022171777,0.29849309347531666
6.2318844788546155,0.24908593999396894
6.215492575517423,0.20019267242553546
6.197480005010853,0.15185150222656635
6.1780651291769235,0.10392089065503202
6.157674943568317,0.05628108953089778
6.136667352518797,0.008828236564099201
6.115313937004133,-0.03853510890591255
6.093856481210739,-0.0858966685998816
6.07239586830425,-0.13326242048715436
6.050935525744174,-0.1806275756924312
6.029475187712807,-0.22799272090238992
6.0080136863391065,-0.2753604337270043
5.986553846897289,-0.3227244784991868
5.965090438441784,-0.3700964004470055
5.943629680536148,-0.4174624723621127
5.922168472065557,-0.4648274214571562
5.9053208477838215,-0.507749778480421
5.916635818031523,-0.5227868207332589
5.896619383349802,-0.5707794931004249
5.876601168610748,-0.6187764334458612
5.856584281724115,-0.6667701900481791
5.836566429593463,-0.7147636518157314
5.816549937720952,-0.7627590914933791
5.796533018644141,-0.8107555555192565
5.776515217042231,-0.8587521124312312
5.75649817902408,-0.9067510560245209
5.736482392661067,-0.9547469982684511
5.71646739188733,-1.0027410567443993
5.696452127865028,-1.0507357464652367
5.67643634824162,-1.0987316725482454
5.656421633760918,-1.1467248351557684
5.636408672701855,-1.1947230991775497
5.616482672183639,-1.2428037714940863
5.596889423021696,-1.2910762112368417
5.577875204721218,-1.3396234493842367
5.558921199473017,-1.3880393445722323
5.534852983779659,-1.433277850907869
5.518224849390598,-1.4827653677066093
5.502755518331444,-1.5326237425487466
5.488459516523188,-1.5828277846623453
5.4753352981936425,-1.6333557500386302
5.463402542873217,-1.6841864223092573
5.4527797731214065,-1.7353226250930396
5.443539791541061,-1.7867219737562152
5.435501097245344,-1.8382729693671598
5.428310547709552,-1.8899022885562626
5.421731383426097,-1.941589804092572
5.415723644386404,-1.9933501283009392
5.410285606470262,-2.0451646771992205
5.405299720339375,-2.0969817603077257
5.400532544629268,-2.1487913143474895
5.3959199462140415,-2.2006147594907235
5.39144783764067,-2.252436834416034
5.3870099059501,-2.304245281607306
5.378814224531426,-2.3553214909874933
5.338079912901691,-2.3983494704222164
5.3310577506577435,-2.4498709251200688
5.324037954505804,-2.5013997238558705
5.3171237069562025,-2.552977378921197
5.310419773595757,-2.604583782768798
5.303905953699362,-2.6561966409387807
5.297432005891138,-2.7077904211263464
5.290961287476522,-2.7593893041854205
5.284611172247835,-2.8110529017499846
5.278652501268614,-2.862808318714901
5.27325856361886,-2.9146515613145336
5.268689881380895,-2.9666265964087035
5.265271159063602,-3.0187371863052492
5.26318180395752,-3.0709198279526877
5.262441878082416,-3.1231368786506284
5.263048579372306,-3.1753629736772484
5.264999603184049,-3.227555699673896
5.268302997857552,-3.2796747996905156
5.27280905663833,-3.3316581646377084
5.251170182445055,-3.39244554019176
5.254834284226449,-3.4443939713317118
5.258851765182054,-3.496305059024615
5.263208856347284,-3.548187011787224
5.267905035025708,-3.6000419976185327
5.272940303054776,-3.651864281388293
5.278313472179703,-3.7036511316368017
5.284056525630136,-3.755419267905747
5.290418470717483,-3.807172868557937
5.297735723567637,-3.8588531946543494
5.306316855631535,-3.910376040241479
5.316402290216799,-3.961653478418447
5.328185817070106,-4.0125959504524245
5.34190850596969,-4.063073832827807
5.357789655650492,-4.112938738227502
5.376134343908381,-4.161986621680621
5.397332566309821,-4.20988364906772
5.421474025101501,-4.256205171677885
5.448211850171006,-4.299915891296241
5.474926820531081,-4.340824684245605
5.478219998371896,-4.376394001465768
5.509060069770031,-4.411859837446092
5.540097869412721,-4.442017900846873
5.572498365547593,-4.468411863290499
5.607108328557343,-4.491861889198388
5.642871225920415,-4.51199758920882
5.67508433749658,-4.527886690362854
5.714505694925842,-4.541793280019149
5.7549884666127555,-4.552169877857901
5.796238787090649,-4.558943178229837
5.84002182496648,-4.562151261941844
5.889118032039209,-4.564530731812067
5.931954890085038,-4.581439985355166
5.983916959426685,-4.574950977980764
6.035435544230316,-4.5656076196003195
6.086364084608279,-4.553440540712961
6.136544358858055,-4.538483432232546
6.185807729609589,-4.520751899125047
6.233955397309696,-4.500153707193906
6.281072031438273,-4.478187984969578
6.320409868732966,-4.456021632121633
6.365864779108856,-4.430044465228471
6.409978025160626,-4.4018949056563095
6.4528012895377485,-4.371823737514944
6.494255232673518,-4.339894761598228
6.534193734751883,-4.306061855497332
6.5724310468582985,-4.270324048587239
6.608879404731905,-4.232773689721084
6.643449667513185,-4.193493587366767
6.67607367644403,-4.152565368939063
6.728201300285165,-4.133678561002317
6.757918885812203,-4.092404968560715
6.783532813389503,-4.050603238598316
6.8050487765369105,-4.008455127713462
6.822167818221708,-3.966714861245916
6.835754311250736,-3.9236951397341286
6.846300280334087,-3.8770364994089404
6.859780220288444,-3.824375270807738
6.866236729294789,-3.772441428183833
6.870500467140099,-3.7203187110162075
6.872746244380929,-3.668071761952647
6.873113764001991,-3.615815996069963
6.872055102143454,-3.5636242915412186
6.870005610058126,-3.5115164451954834
6.8672777339693365,-3.459492168942231
6.864146752700988,-3.4075375228006024
6.860880478200055,-3.3556352503975626
6.857611447193467,-3.303737963193808
6.854344148529531,-3.251845461423798
6.851191701209139,-3.1999969107623496
6.848440406684734,-3.1481890327765027
6.846335467170128,-3.0963854806970383
6.844932524054309,-3.044555890734661
6.844263293578276,-2.9927408161517413
6.844429291948254,-2.940935505424899
6.8454315013471785,-2.8891138510909213
6.853431892482401,-2.8415364203211584
6.900148084313276,-2.8167575705578707
6.903768905495759,-2.775317585667907
6.9091962938750875,-2.713153343506724
6.9137192813552755,-2.6613494476709003
6.918225756798161,-2.609531435184968
6.92258638598404,-2.5576762047337556
6.926733557819727,-2.505797106630706
6.930665640527383,-2.453900178369205
6.934291879282117,-2.4019433926039384
6.9372983796277925,-2.3498826219727538
6.939351393471842,-2.2977287512116447
6.940064366593175,-2.2454889027925504
6.93898879806337,-2.193216647582156
6.9359665859080675,-2.141020373924006
6.931002874574512,-2.088975887308441
6.924106386897801,-2.037153136631281
6.9152803295315906,-1.9856125979351522
6.904544277908883,-1.9344434018831138
6.891924140535288,-1.8837150391444673
6.891218195686642,-1.8295461246974951
6.87767902734433,-1.7791687665502711
6.8633869326199655,-1.7290506018435745
6.848616762915199,-1.6791190495300472
6.833638303604335,-1.6293043667382778
6.818634973273028,-1.5795178716544807
6.803630898153026,-1.5297272619605562
6.788599609419636,-1.4799279097894238
6.773323387878856,-1.4301438611675574
6.757484255993946,-1.3804740963410498
6.740729982181826,-1.3310359153070794
6.722607664357264,-1.282018545820415
6.702720019006227,-1.2336458117555935
6.680818203581206,-1.1861449753146478
6.657243479833024,-1.139520589759126
6.63249551421667,-1.0935733128335645
6.606959092336226,-1.0481204128148938
6.580914529977759,-1.0030119777049595
6.554606469607236,-0.9581176616437159
6.551792701650467,-0.9051322418296994
6.526779582347442,-0.859602083367391
6.502161216380276,-0.8139375954405716
6.478234260985858,-0.7680028527927867
6.455264575252537,-0.721650722500669
6.433389861724272,-0.6748021587856767
6.412647993676928,-0.6274395886230408
6.393064124327841,-0.5795921260881922
6.3747061280771655,-0.5312852848173142
6.357591571639462,-0.4825021205522604
6.341561078098501,-0.4332678120974567
6.326265848720586,-0.3837150104615845
6.311422003685559,-0.33395383772856
6.296773971256389,-0.28407875120517234
6.282062410449271,-0.23416439217719365
6.267021823140512,-0.1842881870193187
6.251408351828312,-0.13455460214614812
6.2349758862170255,-0.08502022323830749
6.217386366565979,-0.035836347898122956
6.197319209977533,0.012247823680280323
6.16814839936076,0.055955228968842086
6.145469799304258,0.10304721787162086
6.121331924294912,0.14939500940940098
6.095746735780238,0.19496723055069554
6.068754050865437,0.23970616860866256
6.040364806350991,0.2835858265398872
6.010625643297644,0.32653463332240795
5.979546380857714,0.3685437591199201
5.947164695984691,0.40956231103167307
5.913454047782252,0.4495107458533454
5.878199793923311,0.4881764747513966
5.841101206398949,0.5251144654104163
5.80193284541157,0.5598983113183396
5.760774007605002,0.5919898240332278
5.748134870849351,0.6310023974510064
5.705274469844266,0.6605401949996605
5.66053784891813,0.6871398430586773
5.6141187228671665,0.7106957712555015
5.566053227180536,0.7311921481503378
5.516815259121792,0.7489354299223403
5.466807115770559,0.7643473735621837
5.416152354699407,0.7774689990025379
5.362162662823456,0.7986161820573416
5.311312836066326,0.810934142802668
5.259989947994189,0.8210790071665723
5.2082790531239604,0.8290275641835705
5.156246145292816,0.8346377854722538
5.104003873768478,0.8377879859435544
5.05166629271811,0.8383836679671441
4.999361144851722,0.8364317730922166
4.947227733984903,0.8320116800229016
4.895351508424145,0.8254471853212628
4.843768074860863,0.8172299099266525
4.79243218234604,0.8077593847782936
4.764056050794091,0.8331291031765256
4.712744510258318,0.8235186502972214
4.661660823043487,0.8127416824435354
4.610842618247609,0.8008027751904194
4.560313436732509,0.7877474816442285
4.510073165144357,0.7738475387465504
4.460034042503985,0.7594126216892878
4.410123539758361,0.744708285162976
4.360259485778762,0.7299568543756947
4.310395825497067,0.7152061687392814
4.26054853862405,0.7005519813930259
4.210654953789081,0.6862363991923823
4.160643503296615,0.6723548134333637
4.110513445636792,0.658905414088578
4.060269053296339,0.6458901982020278
4.009894142515969,0.6332540719612085
3.9594242399339192,0.6207650911739342
3.9089439108809465,0.6082815519824036
3.8584675348934185,0.5957988287982214
3.8225746716755973,0.5939884480738091
3.772257606590923,0.5808782249225275
3.7219363254776168,0.5677669032756154
3.671616869750108,0.5546562696853274
3.621298687649133,0.5415455494118278
3.570985394821445,0.5284491615241196
3.5206955524649177,0.5155430367120304
3.470349687569388,0.5031410883905112
3.4198814567507947,0.4915336726111743
3.369217471320694,0.48086450524190516
3.3183653000317292,0.471186274781227
3.267332186195313,0.4625172772196722
3.216139647262306,0.45485528272353726
3.164804404134993,0.4482083317003265
3.1133470373672862,0.44258477357759407
3.061791829787616,0.4379767607081244
3.010138321650043,0.4343825758149049
2.9583526937950584,0.4316211951358997
2.906474891522804,0.42936005998351323
2.855055548300564,0.42605900436533606
2.806948073337881,0.4140526849205064
2.755034442738666,0.4109486698458449
2.703132371057162,0.40784593071276776
2.65122595397111,0.404742666188894
2.599320825473411,0.4016394098173315
2.5474132638705735,0.39853600797750577
2.4955042587057097,0.3954321097032132
2.443595234135767,0.3923289309605469
2.391687361952651,0.38922571807947914
2.3397785375412954,0.3861225072867476
2.2878720798564647,0.38301943798154703
2.2359645843228035,0.3799163066317166
2.184057735923676,0.3768132139688527
2.1321503849944277,0.37371009126375787
2.08024385790941,0.37060701780967875
2.028337089113794,0.3675039299056677
1.9764284454233034,0.3644007299167815
1.9245182852527511,0.36129743926975877
1.8721374008845024,0.35771700891684777
1.8167906226618873,0.3507524602613974
1.7649100013958265,0.3471859051694741
1.7130314589778082,0.34362269238615006
1.6611522924555069,0.3400569198289096
1.6092731804122709,0.3364911510161397
1.5574047330822256,0.3329366356010093
1.5055574083283925,0.32948816566051287
1.4537068518499816,0.32624855432922084
1.401841163893743,0.32323256085670815
1.349998422455854,0.3204967907524958
1.2982058629593756,0.31831861733867806
1.246453234538837,0.31701659535756077
1.1946941484311835,0.31673575182133407
1.1429371538218447,0.31747428127819033
1.0912004289524262,0.31922944727420033
1.0395126467338498,0.3220110271081116
0.9878321274158384,0.32573970549188536
0.936115696058911,0.33009959197716565
0.8847668603978063,0.33483687768553594
0.8359640997561926,0.33942508066191746
0.7841197061765519,0.34342236170970786
0.7322772478905528,0.3474215531781155
0.6804297226396234,0.351420420178
0.628589054243399,0.35541560708924846
0.5767411555810071,0.3594141122559673
0.5248972710413891,0.3634119551432522
0.4730558071209776,0.36741001915008553
0.42121241641656315,0.3714088596444838
0.3693648825282212,0.3754077246200418
0.31752218117790587,0.3794096484484757
0.26567554821222084,0.383410451594532
0.21382811418057734,0.3874113406315658
0.16198329960097757,0.39141202753445103
0.11013701404716914,0.3954128279473781
0.0582912587526474,0.3994135874420133
0.006468588196765435,0.4034395879657833
-0.045265459246083495,0.4077131602439499
-0.09686355710100125,0.412566622097978
-0.14620882801892687,0.4187345387522696
-0.1821072149920515,0.4290791664364253
-0.2328758174453598,0.4382875307448302
-0.283334496844446,0.44907914780934544
-0.33342721373130724,0.46144592221260083
-0.3831031649052097,0.4753661487259415
-0.43221931602223096,0.4909069820921128
-0.48068759818562024,0.5082598358664914
-0.5284392574110748,0.5274672133521112
-0.5754115732382608,0.5485206711415573
-0.621524446403042,0.5713957317693859
-0.6666602634337164,0.5960580393888399
-0.7105835907036373,0.6226716921241646
-0.7532341453971996,0.6512762973855906
-0.7870940410486313,0.6791442545842705
-0.7694734423992666,0.6937114050035826
-0.8062697664681191,0.7240560871763329
-0.8344264168565672,0.7512009898187682
-0.8570024662457549,0.7771803661433543
-0.8772503343430054,0.8050128190408441
-0.8950174386070269,0.834491798042845
-0.910302947496239,0.8656886380461652
-0.9474459887973259,0.9066189372136058
-0.9614154229563319,0.953701719101308
-0.9729873047264053,1.0035925847165221
-0.9822893150211591,1.0542054198617263
-0.9899034955326607,1.1052787235719497
-0.9962988039492569,1.1566407657018818
-1.0018353617559566,1.2081846726245589
-1.006749932890707,1.2598250941075588
-1.0110880290067987,1.3115200774281854
-1.0148519824835152,1.3632641795642675
-1.0180382000343773,1.4150422477912952
-1.0206477555268663,1.4668526286519157
-1.022680043620933,1.5186939314850294
-1.0241346976020953,1.5705462116234763
-1.0250092364978585,1.6224112119698004
-1.025308401246078,1.6742831735421775
-1.02502831830002,1.7261561965945855
-1.0242443715253473,1.7778492497724863
-1.0231193506184946,1.8284045583731245
-1.021345218890711,1.8803546023683873
-1.019542839333904,1.9323232103705177
-1.0177404754894064,1.9842913653344492
-1.0159380619055112,2.0362609544509986
-1.0141362703477386,2.088233883161476
-1.0123343178942434,2.1401997124417766
-1.0105321785272166,2.1921709320511455
-1.0087315110585235,2.2441395836009663
-1.0069244673475186,2.2961073352255568
-1.0051274893390119,2.3480786017395134
-1.0033305222507893,2.4000495524226317
-1.001533696271221,2.4520164220343994
-0.9997367036424798,2.503988111387251
-0.9979396993621257,2.555958734966561
-0.9961431028762378,2.6079199209307187
-0.9943464765606276,2.659888720652214
-0.9925556955764012,2.7118667845310034
-0.9907571395054506,2.7642110511431417
-0.9869207548441614,2.8191108383248045
-0.9854410639743523,2.8712145206022455
-0.9847483360699689,2.92336879215606
-0.985190779123569,2.975588395953907
-0.9872360983604542,3.0278261027528117
-0.9913805658701711,3.0799699896616
-0.9979695816990475,3.1318786437769033
-1.0072343731925844,3.1834074530300427
-1.019390040897827,3.233416042397608
-1.0344913220574266,3.2805690506549343
-1.052933185382122,3.326222175039136
-1.0735570752987669,3.368066731209355
-1.0945109055674926,3.402478674869438
-1.1108027422310927,3.426985879052234
-1.1381695188838767,3.461068634899744
-1.1716856367279989,3.496156732285014
-1.2103557566244088,3.530999916313003
-1.2513194558233063,3.5636065861346804
-1.2936735176750034,3.594287217214628
-1.3292851996423254,3.624062581479917
-1.3728762823633875,3.6527256814903484
-1.4168797892433473,3.6806698418563846
-1.4611695285885085,3.7081069366501134
-1.505757128915897,3.73507749428059
-1.5506475180779393,3.7615379783426404
-1.595838539570794,3.7874821231128832
-1.6413270241909204,3.8129073746626565
-1.687181096978518,3.837743773671539
-1.7335500015498981,3.8617278435285964
-1.7806255644633864,3.884441388751986
-1.8286027290215197,3.9053259140556045
-1.8776171528266712,3.9237685029664817
-1.927582931677275,3.9394492676657675
-1.9783520003895152,3.9522876394240214
-2.0297167520924724,3.962387631244569
-2.0814149090920884,3.9702619578086105
-2.1325147868099408,3.9793513210567566
-2.1685471755797963,4.0112445338619125
-2.2202308001273154,4.018625246537609
-2.2721402581005137,4.024635923324984
-2.324225518262047,4.0290106574170546
-2.3764253235409614,4.03172290430127
-2.428672978095517,4.0327661327938715
-2.4809349693467295,4.03214839260325
-2.533149523276772,4.02986612580645
-2.585253094597036,4.025934963906222
-2.637181869548579,4.020618494416436
-2.6889429204168884,4.014350294066008
-2.7405797364554365,4.007462508729998
-2.792122575939004,4.000229472737074
-2.843610404935159,3.992906182281679
-2.89509147129992,3.9855824284493933
-2.9465777726148916,3.9782579298872607
-2.9980606604599718,3.9709339169291553
-3.049542704486801,3.9636100240135734
-3.0995501895965205,3.958868429286995
-3.136904119036383,3.9717431018570766
-3.1886376763306314,3.966449455942518
-3.240373172906984,3.9611556115905557
-3.2921064427772233,3.9558619756765268
-3.343836792918329,3.9505686469729047
-3.3955686890561534,3.945275160074548
-3.4473015167640115,3.9399815778529197
-3.499032114575866,3.9346882238062886
-3.550762994324444,3.9293948409103674
-3.602493659397317,3.9241014799812204
-3.6542271793060896,3.918807826929858
-3.7059553226232556,3.9135147240403776
-3.7576877663045565,3.9082211811144107
-3.80941537517701,3.9029281329121925
-3.8611435073182276,3.8976350311662924
-3.912869561260698,3.8923421420729087
-3.9645982664344652,3.8870489816912226
-4.016322338092485,3.881765087580268
-4.069060926894504,3.873775882915761
-4.127800595385883,3.8474328255215013
-4.179392661378879,3.842622639387386
-4.231042975840602,3.838656583376719
-4.2827226322407,3.835617942913346
-4.334426538090787,3.8336323593648807
-4.386161039590366,3.832739471343406
-4.437897653743072,3.8329342182526136
-4.489614885371603,3.8342237940501676
-4.541297760659303,3.8366027695881613
-4.592929536998515,3.8400652301033205
-4.644575498102217,3.8444464578289836
-4.696244762710814,3.8494028955352526
-4.747945563852468,3.8546445553392172
-4.799667433241167,3.85994417813882
-4.8513882451053405,3.865243081873258
-4.903115628914563,3.8705433781738843
-4.95488271526221,3.8757755549086474
-5.006734744722868,3.8806879328078963
-5.0586767786949185,3.8850011257849553
-5.147394988927337,3.8754982649694427
-5.199614051347574,3.875857093687455
-5.251891113059083,3.8746650653310084
-5.304127936938778,3.8712822270069904
-5.356109977170529,3.8649877314360195
-5.407594069493699,3.8553169740717532
-5.458320014925782,3.8422854431569142
-5.507828795337895,3.825995078100812
-5.556082141623065,3.8064583873296183
-5.602909557634817,3.783737954805666
-5.645050850579586,3.7610537918277465
-5.637874377363642,3.760660059801189
-5.682530057381332,3.7333612205740763
-5.726035437948706,3.7043727864694755
-5.76858233571791,3.674028136227356
-5.810125046562111,3.642260876238535
-5.8502662549338025,3.608664653472898
-5.888592003275965,3.5729894113611946
-5.924963783375724,3.535318778573863
-5.95926919743036,3.4957799157141185
-5.9916308413207675,3.454678653477834
-6.048285754298225,3.438709534599214
-6.080628470362559,3.3977136387818954
-6.111958028819698,3.355946071009794
-6.142223565123514,3.313353087874405
-6.171136124015095,3.2697965805196816
-6.198589520748763,3.225315460561613
-6.22453522636392,3.17991899487303
-6.2486640449017266,3.1334915719003433
-6.270666132501217,3.0859922325546316
-6.289957456465098,3.037294825855936
-6.306175008268005,2.9874886539926777
-6.3192550757188695,2.9367680347064837
-6.331994869219507,2.887428666855637
-6.351918247820522,2.849914106375072
-6.358138522265125,2.7979118416030997
-6.36158115903429,2.7456998616080326
-6.3629747182047,2.693453716906816
-6.362886059189482,2.6412453915092775
-6.361675974565508,2.5890772360745764
-6.359448967270828,2.536957302670331
-6.356436157386752,2.484931010631616
-6.352948868997189,2.4329837419739055
-6.349262544295638,2.381100144001936
-6.345559733838857,2.3292315666282906
-6.34185696653035,2.2773635936711396
-6.338154075009478,2.225493880760309
-6.33445142903432,2.1736276074278766
-6.330748359809067,2.1217554052529155
-6.327045648059847,2.0698882105643523
-6.323342661531956,2.018017166805235
-6.319639634768495,1.966145559430513
-6.3198228871675655,1.9147810931790001
-6.3452313895083226,1.8667463762068652
-6.343858825129814,1.8147648246970776
-6.342486207075114,1.762771907162334
-6.341113214047734,1.7107820446393314
-6.339740260576104,1.65879916218706
-6.338367571063397,1.606817165389824
-6.337031300303459,1.5548592402345296
-6.335970960187437,1.5029570737940174
-6.335388267553302,1.4510764006321226
-6.335407551543732,1.399227967814368
-6.336164490223508,1.3474132741756755
-6.337754579294536,1.2956286841068079
-6.340195169101449,1.2438811495488244
-6.343486063064461,1.1921828523036995
-6.347633945791907,1.1405427514096536
-6.352638483775429,1.0889831637681957
-6.3584647940517405,1.0374740484479168
-6.364854907714593,0.9859553439438522
-6.371517657809928,0.9344093449793567
-6.353392660989477,0.8563566868170909
-6.360422657322178,0.8048920283279901
-6.3678725176650515,0.7535631193524266
-6.376061342212648,0.7024276452846163
-6.385325541949942,0.6515654599018357
-6.395869443705183,0.6009755873062608
-6.407745931470443,0.550687642587907
-6.4209550503836565,0.5007382404042835
-6.4354896547229545,0.4511577583077424
-6.451337523766061,0.4019827157881266
-6.468489982902844,0.3532486113926605
-6.486933046573479,0.30498229340613103
-6.506651550981789,0.2572227058048753
-6.527630169833713,0.21001566639503388
-6.5498465550557965,0.1633466182241714
-6.573095513815903,0.11706876398800525
-6.597032051140904,0.07105218446801076
-6.621381014194646,0.02518646863990326
-6.645904021026058,-0.02065096801680677
-6.670444620315222,-0.06649652119710958
-6.6595708066870225,-0.041564387891444676
-6.683264391628756,-0.08795951269475633
-6.706361696887774,-0.13472376512693063
-6.728526552183344,-0.18199609026057106
-6.749417511466578,-0.22988893669338828
-6.76881226748083,-0.27841022762568657
-6.78683010551006,-0.327404324589345
-6.803857573440475,-0.37669213062956497
-6.8202190524186,-0.4261564394660715
-6.836173519917165,-0.4756987846059937
-6.851981244913817,-0.5252415817165745
-6.867781101240678,-0.574776276052148
-6.883578634370532,-0.6243224794685325
-6.89934922842698,-0.673884029492519
-6.915038881786274,-0.7234816672302744
-6.930612652761572,-0.773118329391772
-6.946125555207369,-0.8227539969373365
-6.961636482595913,-0.8723864446388301
-6.977147226024228,-0.9220183036974727
-7.013772554573043,-0.9979583944238779
-7.029301361237687,-1.0476409463374237
-7.044433870898738,-1.097502881741102
-7.058845720851755,-1.1476359808424872
-7.072226092187442,-1.1980979727861756
-7.084367881882862,-1.2488855618901427
-7.095247652503044,-1.2999563922097448
-7.1049653998690925,-1.3512227443029394
-7.1136850243785155,-1.4026620248326884
-7.12140353083622,-1.4542651906993236
-7.128123629313992,-1.5060057185360212
-7.133940973953182,-1.5578141855112155
-7.139158570462973,-1.6096340242336062
-7.144059018118595,-1.6614332375778595
-7.148887417719896,-1.7132063503324673
-7.153716327616758,-1.7649819848107298
-7.158545345103795,-1.8167587728723522
-7.163373608563701,-1.8685274762453006
-7.1682024285297405,-1.920302146484249
-7.1633241928650335,-1.962023214357333
-7.1684868719284545,-2.0137975059201345
-7.173351029869725,-2.0656546399661653
-7.177618887812121,-2.1176166824011986
-7.181097682419713,-2.1696434416682004
-7.183733320350591,-2.2217450811191504
-7.185267185240775,-2.2739312653215236
-7.185510743034172,-2.3261452466273216
-7.184442744871603,-2.3783495837842987
-7.182066658345278,-2.4305096485201703
-7.178385747533849,-2.4825981845768905
-7.173399416775592,-2.534576345895849
-7.167111780026698,-2.5864117588244686
-7.159528768348242,-2.638073405555719
-7.150651051670987,-2.68952958120657
-7.14048643660831,-2.740746138352318
-7.129041439035218,-2.791694502519814
-7.116159163281871,-2.842334872073817
-7.1015805291023195,-2.8925345725521465
-7.09342327302962,-2.943559856759773
-7.119720623015512,-2.9952334699167844
-7.1030173094321185,-3.0447963410989383
-7.084347901179065,-3.093661393607266
-7.0636085496582695,-3.1417108217714134
-7.040496153066382,-3.1886884091733725
-7.014709411738719,-3.2342721051717813
-6.986162597474959,-3.2782074960102685
-6.9548999179476105,-3.320074274375136
-6.921337731593773,-3.3590915776570665
-6.8921730069769715,-3.3958726773392174
-6.87560503845976,-3.44328077910614
-6.841122205902963,-3.471236118389217
-6.8061414525282355,-3.4948898409885456
-6.774043877635794,-3.5127828686567173
-6.748050606475108,-3.52430959545876
-6.720777695849387,-3.533414653209561
-6.684356489889507,-3.5430734846724277
-6.657174313919795,-3.5461328275494286
-6.62981290532966,-3.5464719994632588
-6.598974441964516,-3.5436296333669617
-6.561009202705119,-3.536367787631066
-6.529824451423791,-3.527680370205966
-6.48730868084647,-3.5124441579669576
-6.44627679606607,-3.4935809756822347
-6.407033897009986,-3.4712274312012545
-6.369872371266136,-3.4455516454664776
-6.3351707910986805,-3.4177827843216413
-6.303623403019094,-3.39321033417357
-6.2746228195794576,-3.3585906316367447
-6.248735719171117,-3.321593020053171
-6.226004847487083,-3.28220236716018
-6.204896616835413,-3.237405329894782
-6.186987243624404,-3.1902408580067276
-6.170837707233932,-3.1401675282214194
-6.159305724650867,-3.0912866415969344
-6.151483277446943,-3.0416724083047697
-6.147414500460291,-2.991611165618134
-6.1471252248389785,-2.9413835117377753
-6.150592095365173,-2.8894647190153004
-6.158396272701148,-2.8383973433808976
-6.168116269970121,-2.791124066807148
-6.176201400825957,-2.739527372852459
-6.185382396806862,-2.688179229673647
-6.195300803481794,-2.6370172039041924
-6.205679674593055,-2.585994540213158
-6.216250234016324,-2.5350646255895555
-6.226833840887902,-2.4841531832386314
-6.237417871796372,-2.4332397010982554
-6.2479493094644685,-2.382349764200738
-6.258188873125943,-2.33146133480777
-6.267876935282232,-2.280518278736304
-6.276844424166141,-2.2294779811729954
-6.284940491765,-2.178333743872094
-6.292032290921148,-2.1270642422519606
-6.297982092755972,-2.0757010283105517
-6.302585235775429,-2.024247676747293
-6.305777912293665,-1.9726844297395167
-6.307559302041782,-1.921054132966782
-6.305390616799307,-1.8713140900736132
-6.285149386229533,-1.83370056600892
-6.282310877416912,-1.7821229783716945
-6.278065296062203,-1.7306391952778437
-6.2725188226030975,-1.6791998261693002
-6.26604605497709,-1.627768498907701
-6.258988733547642,-1.576343848464846
-6.251613962040811,-1.5249164539836602
-6.243937035478891,-1.4735860365131033
-6.235661351385896,-1.4224223487518626
-6.2265455654164485,-1.371433533821325
-6.216581773776867,-1.3205685251271224
-6.206025952116125,-1.2697445173498063
-6.195168528282404,-1.2189229871608407
-6.184249814734019,-1.168082530055671
-6.173337235236127,-1.1172306006126447
-6.16256472599303,-1.0663010206825683
-6.152145389997716,-1.0152719851659868
-6.1422253419860935,-0.9641076287258358
-6.133008469417088,-0.9127877112478432
-6.157128249217257,-0.8533358113743706
-6.151465412970715,-0.8015106284864569
-6.146397239392401,-0.7496772685497718
-6.141624064889765,-0.697867323588241
-6.136906891186909,-0.646082340385889
-6.132193926307643,-0.5942956975617183
-6.127476558392434,-0.5425100503611285
-6.12275917533413,-0.4907242369247652
-6.11804181426135,-0.4389386648380381
-6.113328619320917,-0.3871516827913347
-6.108613423491725,-0.3353660648869824
-6.103898207356915,-0.28358022397195704
-6.09918167785464,-0.2317942477018765
-6.0944660264087425,-0.180008369903219
-6.089754253150163,-0.12822216618763915
-6.085041204835655,-0.07643607610181513
-6.080331373754728,-0.024649862822912705
-6.07562153861811,0.027136395049780604
-6.070911734336256,0.07892231366373059
-6.053456476906003,0.11718632605189838
-6.048754703478142,0.16897332204545967
-6.044052966863388,0.22075991256635397
-6.039351216715101,0.2725466521505726
-6.0346494625757,0.3243334356942793
-6.029947683195097,0.3761204972534793
-6.025245920332086,0.4279073768820194
-6.020544121425827,0.47969465350367835
-6.0158423406039,0.5314817309381075
-6.011140555384472,0.5832688568082014
-6.006438798557189,0.6350556699571743
-6.001736989324614,0.6868430603165299
-5.997035169711451,0.7386305650114571
-5.992333338519117,0.7904181972434416
-5.987631585656789,0.8422049667210103
-5.982929717659209,0.8939930043389908
-5.97822797917658,0.9457796154334701
-5.973530637908972,0.9975670536707943
-5.968831663696889,1.049354853648125
-5.962269539368736,1.1022121439014263
-5.9434115551078515,1.161755819935778
-5.938369930660856,1.2135126085463124
-5.933311155867062,1.2652547556331843
-5.928100490470409,1.3169397087193413
-5.922538555395714,1.3685401695199475
-5.916355517799441,1.4200155850700422
-5.909409155699337,1.471372494813237
-5.901677823946138,1.522605433203654
-5.8930918679386,1.5736769440533351
-5.883551206124722,1.6245625297671313
-5.873043219256712,1.6752490766535486
-5.861420493086537,1.7255972212351607
-5.848378224850207,1.7755438112969417
-5.833829923917034,1.825065814129781
-5.817782623076165,1.874119722244622
-5.800241467280368,1.9226611226628585
-5.781218210101156,1.9706126978660998
-5.76058843192786,2.017839963056395
-5.738274950414556,2.0642888782046525
-5.729846280157933,2.0974321819891903
-5.705697041575323,2.1429471086018492
-5.679844621175931,2.1874221390350645
-5.652133910513951,2.230656299988678
-5.622310151463015,2.272187303166378
-5.590299093477942,2.311338022716067
-5.556473006990556,2.347453956431443
-5.520292713489551,2.3812144089604574
-5.481924315267783,2.4124609131988426
-5.441764635904871,2.4408423956261496
-5.405446460382862,2.480796857336842
-5.363997440585232,2.50365552144299
-5.3223133035772,2.5226663873728685
-5.279378202309372,2.5383322928677914
-5.235575140317385,2.550547933640289
-5.191831459989283,2.5591308475100822
-5.14814317234997,2.5637272355695204
-5.107209165834517,2.561100703728729
-5.063803324165901,2.559044888884426
-5.020694650662989,2.553615318570764
-4.978138945343822,2.5448375891773893
-4.936441492569601,2.5327037068740097
-4.897835407498835,2.517968028804225
-4.855781045460906,2.5045362509584974
-4.82071724274615,2.4829441127322056
-4.787548773810031,2.458543489823546
-4.75649742035323,2.4314960334028273
-4.727775379653273,2.401984539707752
-4.701578520169382,2.3702116672538347
-4.6773953291346135,2.3343470412591447
-4.6513356515375825,2.2829638137399053
-4.634499581236096,2.245628277132921
-4.621148293608655,2.2078762652911887
-4.610984711038979,2.1691338079609794
-4.603726541105122,2.127573115668077
-4.599790028977351,2.08021477641552
-4.604335839534562,2.0387166208228282
-4.6055627817311535,1.9872387081231015
-4.6084622271466404,1.9356612072624162
-4.612557874701798,1.8840564423297477
-4.6175663924424395,1.8324815437088064
-4.623246441420228,1.7809059050428497
-4.629284201464753,1.7292870853172966
-4.634753204605605,1.6818198025751285
-4.638663706366758,1.6440995376137537
-4.6410093944269395,1.6156054193368807
-4.642336434876023,1.5891563157705062
-4.642547480176908,1.561509362071809
-4.640871365821086,1.5252712052760757
-4.6358488145969705,1.479415743136085
-4.626883798002096,1.4285118489669228
-4.6027751892091935,1.3852818305184216
-4.586742033842631,1.3354391932642762
-4.568107238500331,1.2865070588478589
-4.546943250133542,1.238623582916969
-4.523338955933228,1.1918920620062856
-4.4974018364155866,1.1464293723638974
-4.469398544583877,1.1022336001113024
-4.439765378985806,1.0591862482025651
-4.408973145998434,1.017027215393031
-4.377346953686888,0.9755466453720075
-4.345097254123685,0.9345841534388765
-4.345514553518127,0.8886605465291154
-4.314718690798237,0.8465965836742945
-4.283369949389238,0.8049574010043957
-4.2514627581872535,0.7637379396196681
-4.219009683856772,0.7229480401373055
-4.186014000839135,0.682595387048141
-4.1524844526786335,0.6426938829005472
-4.118481952031479,0.6032241574515192
-4.0841848012046835,0.5640506077248565
-4.0496117740313675,0.5251051042636011
-4.0145764630208625,0.48649601106359286
-3.978779994767629,0.4484978371384897
-3.9419105685470357,0.4114569362670325
-3.9037276336921365,0.37571789517392273
-3.8641832612905556,0.3414898578575526
-3.8232860985897115,0.30885906194210955
-3.7808086321958814,0.2782916718386169
-3.7367015188120614,0.25065476809642806
-3.6908511787386202,0.22602869365436618
-3.650628473060421,0.20171610784547478
-3.6417134262999284,0.15663013048903984
-3.592873556021319,0.13786923241677007
-3.543088239049475,0.12176359327436925
-3.4926895452947595,0.1077552207332455
-3.4417312518325898,0.0958776107543815
-3.3903145349760817,0.08619625202461068
-3.338592968799452,0.07858768123349424
-3.2867170194279622,0.07253932670142982
-3.2346921876568797,0.06784907246395244
-3.1824646658402718,0.06485569225358567
-3.131663115405357,0.034982648424239926
-3.079326113773588,0.03362693673443351
-3.027010136434358,0.034814193147656214
-2.9748486648690955,0.037994963371128065
-2.9228506956029534,0.04258732411463617
-2.87100490817605,0.0481571464134245
-2.8192874777453767,0.05438104102857921
-2.7676610852254555,0.06096918162868392
-2.7160977602627288,0.06766224591817727
-2.6645368914788836,0.07435632768596645
-2.612969231906022,0.08105129109322462
-2.561401067846086,0.08774631999739557
-2.509832374471424,0.09444141762182001
-2.4582642060550075,0.10113644709158565
-2.4066965939172933,0.10783140434039828
-2.355127210462819,0.11452659155700529
-2.303559194459803,0.12122160123913406
-2.2519907196235804,0.1279166704909931
-2.20042247654915,0.13461163601941917
-2.1506421352338334,0.13761100895068723
-2.1100878297422394,0.11478877737954374
-2.058334954575445,0.11984976013079218
-2.006581919092751,0.1249107585595457
-1.9548281228458508,0.12997166982774977
-1.903074134631428,0.13503268912481126
-1.8513222343897242,0.14009350423914957
-1.7995689139419615,0.14515445823535011
-1.7478155551292014,0.15021541598326205
-1.696062285798666,0.1552763649807134
-1.6443093297420712,0.1603372833431247
-1.5925565446684775,0.16539818498511893
-1.5408041206962388,0.17045905131503503
-1.48906190471549,0.175507118884505
-1.437363529855082,0.18036146080493598
-1.3856959319258282,0.1847130228342766
-1.3340419338029768,0.18823445115851856
-1.2823393850135116,0.19074800582164886
-1.2305992522406592,0.19223796380993852
-1.1825275438495901,0.1937000530960289
-1.1577553755912398,0.20063898035357264
-1.1060391045167752,0.19917555162045342
-1.0543891839443624,0.19655133353859933
-1.0027614191279208,0.1928304037142925
-0.9511282384948792,0.18824513584844738
-0.9025909100256224,0.1833049768945827
-0.8607868772954403,0.17818877208747752
-0.8120247256681545,0.17084323906641852
-0.7609555677088555,0.1620637623787753
-0.7115761853974787,0.15297579386228088
-0.6711051291051917,0.14540112691424567
-0.6404523278826022,0.13965427383901474
-0.6195159400356727,0.13582072038885995
-0.5975868326933038,0.131928293982996
-0.5664599544925681,0.12641392054913303
-0.5396979714030263,0.12167427014064014
-0.5227671123744764,0.1186745086700598
-0.504875358282376,0.11543549681160048
-0.4773336011439473,0.11008737934635349
-0.45093461834662074,0.1044469722089374
-0.43428101438472977,0.10064393027921192
-0.4231649808569151,0.09804032446067135
-0.40359343314726814,0.09329561943298792
-0.37447683736041704,0.0857395678772872
-0.3357364043265916,0.07513402600122587
-0.28781874013496234,0.06182229383611837
-0.23756357122396388,0.048131973913111636
-0.1515039568931993,0.0584514703222343
-0.10741464132334277,0.04859869738523592
-0.07308750885570481,0.040928116548436755
-0.04851585838683059,0.03543883622732902
-0.03371166616447496,0.03212619220166402
-0.028666831500324896,0.03099838609647776
-0.02971410202889624,0.031233272141779622
-0.029713818354727195,0.031233208742445173
-0.0296998099567225,0.031230077956446722
-0.024288735386011062,0.030020612004883596
-0.011135626952553324,0.02707970542327698
-0.004836027597506565,0.02567094156731531
-0.004733536463798593,0.02564803218338252
-0.0047340231506147745,0.025648140969977806
-0.004419572693020513,0.025577853480770907
0.002944437102005981,0.023932273806128723
0.015887216106228674,0.021042016019852117
0.020248095051700776,0.020066706861616712
0.020249246876379523,0.02006644933777335
0.023811679237001115,0.019269964171333198
0.03156428228836594,0.01753662781155474
0.03222577133630322,0.01738873276347941
0.0332323059089461,0.017163440449410095
0.040533425688916935,0.015528220534878345
0.04198469532979354,0.015203807052378115
0.041986230675577385,0.015203463844707388
0.041987839992587705,0.015203104101679576
0.041989436275688075,0.015202747272222483
0.04199098944838031,0.015202400079565637
0.041992538668407686,0.015202053770479562
0.04325397480874482,0.017842058173878517
0.052494708602727425,0.03720427407134674
0.052496202004122416,0.037203940420205805
0.052497639220488335,0.03720361932174954
0.05249900525428819,0.03720331412668476
0.05250030009658113,0.03720302483700633
0.052501529437642525,0.03720275018141117
0.05250269147157072,0.03720249056336811
0.05250379740604272,0.03720224347889456
0.0525048650542459,0.03720200494822068
0.05250588379637211,0.03720177734399255
0.05250686554851214,0.03720155800395086
0.052507815280931514,0.03720134581765855
0.05250873762026709,0.03720113975144557
0.052509629472695885,0.037200940496521895
0.05251047454639801,0.03720075169275594
0.05251125788179145,0.03720057668237331
0.05251198543075253,0.03720041413562525
0.05251264380758203,0.03720026704310109
0.052513241263296706,0.03720013356138541
0.05251376021484688,0.037200017618828074
0.05251419783100042,0.03719991984797488
0.05251456420389067,0.03719983799407123
0.05251482963605403,0.0371997786920355
0.052514998133932345,0.03719974104675838
0.052515076150852824,0.037199723616457625
0.05251506187583166,0.03719972680573935
0.052514983174699825,0.037199744388904055
0.05251495118293059,0.037199751536405756
0.05251499930767789,0.03719974078452304
0.0547607050084582,0.03420309904357488
0.07126542438388261,0.01219953098479909
0.07126557702631597,0.012199495879052114
0.07126555006710111,0.012199502079317526
0.07126547376734527,0.012199519627254851
0.07126535810381629,0.012199546228341296
0.07126518193903353,0.012199586743918633
0.07126497913208141,0.012199633386842823
0.0712648144449406,0.012199671262712819
0.07126467206094667,0.01219970400915349
0.07126450388833838,0.012199742686634707
0.07126430288191798,0.012199788915460585
0.0712633136115901,0.012200016434587901
0.07126323583874328,0.012200034321317554
